position,title,phone,website_link,displayed_link,ad_link,tracking_link,snippet,sitelinks_title_1,sitelinks_title_2,sitelinks_title_3,sitelinks_title_4,sitelinks_link_1,sitelinks_link_2,sitelinks_link_3,sitelinks_link_4,data_scrap,keyword,location
1,Dubai Luxury Property Show - Prices From £145k,,https://www.dubailuxurypropertyshow.co.uk/,https://www.dubailuxurypropertyshow.co.uk/london,https://www.dubailuxurypropertyshow.co.uk/london-ppc/,https://www.google.com/aclk?sa=l&ai=DChcSEwiKj62Hzdr8AhXYhNUKHbx4BgkYABADGgJ3cw&sig=AOD64_0_SpeYHTejSjn0PcnKWKTHJL4N-g&q&adurl,The Dubai Luxury Property Show Is Back For 2023. Discover The Best Area To Invest In Dubai. Brand New Project Launches At The World's Largest Showcase...,,,,,,,,,2023-01-22,buy apartment dubai,
2,Apartments for sale in Dubai. - Aston Martin interiors.,,https://prelaunch.danubeproperties.ae/,https://prelaunch.danubeproperties.ae/viewzbydanube/aston_martin,https://prelaunch.danubeproperties.ae/?UTM=WHATSAPP,https://www.google.com/aclk?sa=l&ai=DChcSEwiKj62Hzdr8AhXYhNUKHbx4BgkYABACGgJ3cw&sig=AOD64_0HftPMZ2n5lP-mOWbxMubvNTJlBg&q&adurl,Danube Properties brings to you Dubai’s first iconic towers with Aston Martin interiors. Witness panoramic views of Dubai skyline from your Sky Villas with a private pool.,2BHK Apartment,Contact Us,,,https://danubeproperties.ae/projects/elitz-by-danube/?UTM=Googleads,https://danubeproperties.ae/?UTM=GoogleadsViewz,,,2023-01-22,buy apartment dubai,
3,Apartments For Sale in Dubai - 5-Year Payment Plan,,https://www.sobha-hartland-dubai.ae/,https://www.sobha-hartland-dubai.ae/,https://www.sobha-hartland-dubai.ae/#modal-prices,https://www.google.com/aclk?sa=l&ai=DChcSEwiKj62Hzdr8AhXYhNUKHbx4BgkYABABGgJ3cw&sig=AOD64_2vQpyARGL3Pf9OnFAZJ4TcBjVnpw&q&adurl,Own a 1-3 bed apartment with beach access & water lagoon opposite Downtown Dubai. New launch. 1-3 bedroom apartments with beach access in Sobha...,Available Units & Prices,Floor Plans,View Gallery,Inquire Now,https://www.sobha-hartland-dubai.ae/#modal-prices,https://www.sobha-hartland-dubai.ae/#modal-floorplans,https://www.sobha-hartland-dubai.ae/#modal-gallery,https://www.sobha-hartland-dubai.ae/#modal-inquire,2023-01-22,buy apartment dubai,
4,"Apartments For Sale In Dubai - Apartments From GBP 260,000",,https://www.sobharealty.com/,https://www.sobharealty.com/sobha/apartments,https://www.sobharealty.com/uk/offers/sobha-one/,https://www.google.com/aclk?sa=l&ai=DChcSEwiKj62Hzdr8AhXYhNUKHbx4BgkYABAAGgJ3cw&sig=AOD64_2-h3tEwr7o8Mnm3QBLsVLhQP6gQg&q&adurl,"A Stunning Collection of Spacious Residences In the Heart of Dubai, Starting GBP 260,000. Luxury Freehold Properties Starting GBP 260,000. Exclusive Offers. Enquire Now.",Luxury Apartments,1 Bed Apartments Dubai,,,https://www.sobharealty.com/uk/offers/sobha-one/,https://www.sobharealty.com/uk/offers/creek-vista-district/,,,2023-01-22,buy apartment dubai,
5,Luxury Tower in Dubai Marina - One BHK Homes from AED 1.37M,,https://marina-living.ae/,https://www.marina-living.ae/,https://marina-living.ae/,https://www.google.com/aclk?sa=l&ai=DChcSEwiKj62Hzdr8AhXYhNUKHbx4BgkYABAEGgJ3cw&sig=AOD64_19JI-bmEDuciviK88ZFMbC87guUA&q&adurl,Introducing the opportunity to buy an apartment in a tower on the last plot in Marina. Prices from AED1.37M. 3 Yrs interest-free payment plan. Book a virtual call. We are online. ,,,,,,,,,2023-01-22,buy apartment dubai,
1,Dubai Luxury Property Show - Prices From £145k,,https://www.dubailuxurypropertyshow.co.uk/,https://www.dubailuxurypropertyshow.co.uk/london,https://www.dubailuxurypropertyshow.co.uk/london-ppc/,https://www.google.com/aclk?sa=l&ai=DChcSEwia8KyNzdr8AhWGj2gJHeMBDS4YABAEGgJ3Zg&sig=AOD64_0j2K9kByZronZRoX-hvsUX2eXWxg&q&adurl,The Dubai Luxury Property Show Is Back For 2023. Discover The Best Area To Invest In Dubai. Brand New Project Launches At The World's Largest Showcase Of Luxury Dubai Properties. Award Winning Developers. Prices Below Market Value.,,,,,,,,,2023-01-22,buy apartment dubai,
2,Property For Sale In Dubai - Find Your Dream Property,,https://emirates.estate/,https://www.emirates.estate/,https://emirates.estate/property/dubai-emirate/,https://www.google.com/aclk?sa=l&ai=DChcSEwia8KyNzdr8AhWGj2gJHeMBDS4YABADGgJ3Zg&sig=AOD64_1Yk-zPpilM7tGt7kAVyVQI3SNeJQ&q&adurl,"Buy Property In Dubai And Get Residency. Subscribe To Newsletter. Property audit. Professional advice. After-sales services. Exclusive property offers. No taxes. Privacy policy. Destinations: Abu Dhabi, Dubai, Ras Al Khaimah, Umm Al Quwain, Sharjah, Ajman, Fujairah.",Apartments,Penthouses,Villas and houses,New development projects,https://emirates.estate/apartments/,https://emirates.estate/penthouses/,https://emirates.estate/villas/,https://emirates.estate/new-developments/,2023-01-22,buy apartment dubai,
3,Apartments For Sale in Dubai - 5-Year Payment Plan,,https://www.sobha-hartland-dubai.ae/,https://www.sobha-hartland-dubai.ae/,https://www.sobha-hartland-dubai.ae/#modal-prices,https://www.google.com/aclk?sa=l&ai=DChcSEwia8KyNzdr8AhWGj2gJHeMBDS4YABABGgJ3Zg&sig=AOD64_1yNM7fgDes5EbMn_cbxqTwgj6POw&q&adurl,Own a 1-3 bed apartment with beach access & water lagoon opposite Downtown Dubai. New launch. 1-3 bedroom apartments with beach access in Sobha...,Available Units & Prices,Floor Plans,View Gallery,Inquire Now,https://www.sobha-hartland-dubai.ae/#modal-prices,https://www.sobha-hartland-dubai.ae/#modal-floorplans,https://www.sobha-hartland-dubai.ae/#modal-gallery,https://www.sobha-hartland-dubai.ae/#modal-inquire,2023-01-22,buy apartment dubai,
4,"Prices Starting From £110,000 - Dubai Property For Sale",,https://www.trackcapital.co.uk/,https://www.trackcapital.co.uk/property/dubai,https://www.trackcapital.co.uk/portfolio/considering-buying-a-property-in-dubai/,https://www.google.com/aclk?sa=l&ai=DChcSEwia8KyNzdr8AhWGj2gJHeMBDS4YABAAGgJ3Zg&sig=AOD64_0dFCxLJw9PADgExKom3qm6KyMCaQ&q&adurl,"Invest In Dubai Property With Our Help. No Admin Fees, Completely Free Service. Download...",,,,,,,,,2023-01-22,buy apartment dubai,
5,Luxury Tower in Dubai Marina - One BHK Homes from AED 1.37M,,https://marina-living.ae/,https://www.marina-living.ae/,https://marina-living.ae/,https://www.google.com/aclk?sa=l&ai=DChcSEwia8KyNzdr8AhWGj2gJHeMBDS4YABACGgJ3Zg&sig=AOD64_2bGBFlAPNtP5ubgXKxivw0Ryurgg&q&adurl,Introducing the opportunity to buy an apartment in a tower on the last plot in Marina. Prices from AED1.37M. 3 Yrs interest-free payment plan. Book a virtual call. We are online. ,,,,,,,,,2023-01-22,buy apartment dubai,
1,Dubai Off-Plan Properties - Interest-Free Installments,,https://dubai-beach-front-properties.ae/,https://www.dubai-beach-front-properties.ae/,https://dubai-beach-front-properties.ae/,https://www.google.com/aclk?sa=l&ai=DChcSEwiyguyVzdr8AhUMFtQBHbYxDoIYABACGgJvYQ&sig=AOD64_29q342O4OCiWwOY7XZDQ9j2jryqg&q&adurl,Scout top properties in Dubai for residential and commercial use. Contact us today! Enjoy Dubai skyline and the breathtaking view from the comfort of your luxurious apartment. Many Unique Locations. Best Price Guaranteed. Upfront...,View Plans,Buy Now,Browse Projects,Invest Smartly,https://dubai-beach-front-properties.ae/#rec360134209,https://dubai-beach-front-properties.ae/#rec360134203,https://dubai-beach-front-properties.ae/#rec360134207,https://dubai-beach-front-properties.ae/#rec360134214,2023-01-22,buy apartment dubai,
2,Luxury Tower in Dubai Marina - One BHK Homes from AED 1.37M,,https://marina-living.ae/,https://www.marina-living.ae/,https://marina-living.ae/,https://www.google.com/aclk?sa=l&ai=DChcSEwiyguyVzdr8AhUMFtQBHbYxDoIYABABGgJvYQ&sig=AOD64_3wRT1x6S_zs3Z7NNmcv2ZSkOvH7Q&q&adurl,Introducing the opportunity to buy an apartment in a tower on the last plot in Marina. Prices...,,,,,,,,,2023-01-22,buy apartment dubai,
3,Apartments For Sale In Dubai - Current database of objects,,https://emirates.estate/,https://www.emirates.estate/,https://emirates.estate/property/dubai-emirate/apartments/,https://www.google.com/aclk?sa=l&ai=DChcSEwiyguyVzdr8AhUMFtQBHbYxDoIYABAAGgJvYQ&sig=AOD64_3muANIpVQrFuMvRriqwITNaTz9bQ&q&adurl,Emirates.Estate Will Help You Find The Best Property Deals In The UAE. No taxes. After-sales services. Professional advice. Privacy policy. Exclusive property offers.,,,,,,,,,2023-01-22,buy apartment dubai,
1,Properties in Dubai For Sale - Down Payment 10% Only,,https://dubai-beach-front-properties.ae/,https://www.dubai-beach-front-properties.ae/,https://dubai-beach-front-properties.ae/,https://www.google.com/aclk?sa=l&ai=DChcSEwi_jpzQzNz8AhXi7eYKHURvAf0YABADGgJ3cw&sig=AOD64_2O9kCy9gOxWdsNIk3760lrZQ0vog&q&adurl,Scout top properties in Dubai for residential and commercial use. Contact us today! Enjoy Dubai skyline and the breathtaking view from the comfort of your...,View Plans,Buy Now,Browse Projects,Invest Smartly,https://dubai-beach-front-properties.ae/#rec360134209,https://dubai-beach-front-properties.ae/#rec360134203,https://dubai-beach-front-properties.ae/#rec360134207,https://dubai-beach-front-properties.ae/#rec360134214,2023-01-23,buy apartment dubai,
2,Dubai Luxury Property Show - Prices From £145k,,https://www.dubailuxurypropertyshow.co.uk/,https://www.dubailuxurypropertyshow.co.uk/london,https://www.dubailuxurypropertyshow.co.uk/london-ppc/,https://www.google.com/aclk?sa=l&ai=DChcSEwi_jpzQzNz8AhXi7eYKHURvAf0YABAAGgJ3cw&sig=AOD64_3lpUrX43QT_kyPn2b0TXnGKmU-Ug&q&adurl,The Dubai Luxury Property Show Is Back For 2023. Discover The Best Area To Invest In Dubai. Brand New Project Launches At The World's Largest Showcase Of Luxury Dubai Properties. Projected Return UpTo 12% Prices Below Market Value....,,,,,,,,,2023-01-23,buy apartment dubai,
3,"Dubai Property For Sale - Prices Starting From £110,000",,https://www.trackcapital.co.uk/,https://www.trackcapital.co.uk/property/dubai,https://www.trackcapital.co.uk/portfolio/considering-buying-a-property-in-dubai/,https://www.google.com/aclk?sa=l&ai=DChcSEwi_jpzQzNz8AhXi7eYKHURvAf0YABABGgJ3cw&sig=AOD64_3qy-EPqq9z7ZQwsDw1oKZgTWaYbw&q&adurl,"Invest In Dubai Property With Our Help. No Admin Fees, Completely Free Service. Download A Free Investment Brochure Or Organise A Consultation To Get Started. Industry Regulated. Long Term Capital Growth. No Additional Fees. Strong Rental Yields. Great Reviews.",,,,,,,,,2023-01-23,buy apartment dubai,
4,Buy Sea View Properties in Dubai | Luxury Waterfront Apartment,,https://elysian.com/,https://www.elysian.com/,https://elysian.com/beachfront-exclusive,https://www.google.com/aclk?sa=l&ai=DChcSEwi_jpzQzNz8AhXi7eYKHURvAf0YABAEGgJ3cw&sig=AOD64_1BtG9JDjGtsBt9fDKL36-fd9TsNQ&q&adurl,"1, 2& 3 Bedroom Beachfront Apartments At Emaãr Beachfront Starting From AED 1.7M. 60/40 Payment Plan, Sea & Marina Skyline View, Book A Private Viewing Tour Today. ",,,,,,,,,2023-01-23,buy apartment dubai,
5,Luxury Tower in Dubai Marina - One BHK Homes from AED 1.37M,,https://marina-living.ae/,https://www.marina-living.ae/,https://marina-living.ae/,https://www.google.com/aclk?sa=l&ai=DChcSEwi_jpzQzNz8AhXi7eYKHURvAf0YABACGgJ3cw&sig=AOD64_0p6uqp3-BIBymO2-4LjmaRVdXQpA&q&adurl,Introducing the opportunity to buy an apartment in a tower on the last plot in Marina. Prices from AED1.37M. 3 Yrs interest-free payment plan. Book a virtual call. We are online. ,,,,,,,,,2023-01-23,buy apartment dubai,
1,Apartments For Sale In Dubai - Only Verified Listings,,https://signup.nomadhomes.ae/uk/,https://signup.nomadhomes.ae/house-for-sale/dubai,,https://www.google.com/aclk?sa=l&ai=DChcSEwi6-Ouii-D8AhX010wCHVTSD2gYABABGgJ0bQ&ae=2&sig=AOD64_0ZM9spz2LvVtZJiuaNV7_m6pLEFQ&q&adurl,"When you work with Nomad Homes, you get access to properties you couldn't get otherwise. One Point of Contact. Concierge Experience. Help at Every Step. 100% Verified. ‎About Nomad Homes · ‎Latest Off-Plan Projects · ‎Property for Sale Dubai",About Nomad Homes,Latest Off-Plan Projects,Property for Sale Dubai,,https://nomadhomes.ae/about-us,https://offplan.nomadhomes.ae/,https://nomadhomes.ae/,,2023-01-24,buy apartment dubai,
2,Apartments For Sale in Dubai - 5-Year Payment Plan,,https://www.sobha-hartland-dubai.ae/,https://www.sobha-hartland-dubai.ae/,,https://www.google.com/aclk?sa=l&ai=DChcSEwi6-Ouii-D8AhX010wCHVTSD2gYABALGgJ0bQ&ae=2&sig=AOD64_2087iW75SMNNEHKai6nCdxvZNCgA&q=&ved=2ahUKEwijjOaii-D8AhWUC94KHRMZBHwQh78CegQICxAB&adurl=,Own a 1-3 bed apartment with beach access & water lagoon opposite Downtown Dubai. New launch. 1-3 bedroom apartments with beach access in Sobha... ‎Available Units & Prices · ‎Floor Plans · ‎View Gallery · ‎Inquire Now,Available Units & Prices,Floor Plans,View Gallery,Inquire Now,https://www.sobha-hartland-dubai.ae/#modal-prices,https://www.sobha-hartland-dubai.ae/#modal-floorplans,https://www.sobha-hartland-dubai.ae/#modal-gallery,https://www.sobha-hartland-dubai.ae/#modal-inquire,2023-01-24,buy apartment dubai,
3,"Prices Starting From £110,000 - Dubai Property For Sale",,https://www.trackcapital.co.uk/portfolio/considering-buying-a-property-in-dubai/,https://www.trackcapital.co.uk/property/dubai,,https://www.google.com/aclk?sa=l&ai=DChcSEwi6-Ouii-D8AhX010wCHVTSD2gYABACGgJ0bQ&ae=2&sig=AOD64_39Lwc9OEolSykeTFe1Js0jg3wgLA&q&adurl,"Invest In Dubai Property With Our Help. No Admin Fees, Completely Free Service. Download A Free Investment Brochure Or Organise A Consultation To Get Started. Fully Managed Investments. Great Reviews. Strong Rental Yields. Industry Regulated.",,,,,,,,,2023-01-24,buy apartment dubai,
4,Apartments for Sale in Business Bay | Buy Luxury Property Dubai,,https://elysian.com/business-bay-exclusive,https://www.elysian.com/,,https://www.google.com/aclk?sa=l&ai=DChcSEwi6-Ouii-D8AhX010wCHVTSD2gYABADGgJ0bQ&ae=2&sig=AOD64_1zD6aOZdf62u-ljTnOkV9ZkbNTkA&q&adurl,"Studio, 1, 2, 3, 4 BR Starting At AED 900K with 8 Years Payment Plan. Enquire Today. Studios, 1, 2, 3 And 4 BR Waterfront Apartments On The Dubai Canal With Views Of The...",,,,,,,,,2023-01-24,buy apartment dubai,
1,Luxury Tower in Dubai Marina - One BHK Homes from AED 1.37M,,https://marina-living.ae/,https://www.marina-living.ae/,,https://www.google.com/aclk?sa=l&ai=DChcSEwjd8uvjk-D8AhUogFoFHYhlArMYABADGgJ2dQ&ae=2&sig=AOD64_3gbmNHCQfjArdSkSg5P_hvYoEoFg&q&adurl,Introducing the opportunity to buy an apartment in a tower on the last plot in Marina. Prices from AED1.37M. 3 Yrs interest-free payment plan. Book a virtual call. We are online.,,,,,,,,,2023-01-24,buy apartment dubai,
2,Beachfront Properties in Dubai - Down Payment 10% Only,,https://dubai-beach-front-properties.ae/,https://www.dubai-beach-front-properties.ae/,,https://www.google.com/aclk?sa=l&ai=DChcSEwjd8uvjk-D8AhUogFoFHYhlArMYABAFGgJ2dQ&ae=2&sig=AOD64_3j23gzSjowpS6W3s8g-mip-3tFNw&q=&ved=2ahUKEwjY9uXjk-D8AhVdQzABHXYqCjYQh78CegQICBAB&adurl=,Scout top properties in Dubai for residential and commercial use. Contact us today! Enjoy Dubai skyline and the breathtaking view from the comfort of your... ‎Invest Smartly · ‎View Plans · ‎Buy Now · ‎Browse Projects,Invest Smartly,View Plans,Buy Now,Browse Projects,https://dubai-beach-front-properties.ae/#rec360134214,https://dubai-beach-front-properties.ae/#rec360134209,https://dubai-beach-front-properties.ae/#rec360134203,https://dubai-beach-front-properties.ae/#rec360134207,2023-01-24,buy apartment dubai,
3,"Dubai, UAE - Apartments For Sale",,https://www.propertyfinder.ae/en/search?c=1&q=&l=1&v=&ta=&t=1&kw=&pf=&pt=&af=&at=&cs=&vv=&ob=mr&dp=&iyf=&iyt=,https://www.propertyfinder.ae/,,https://www.google.com/aclk?sa=l&ai=DChcSEwjd8uvjk-D8AhUogFoFHYhlArMYABAQGgJ2dQ&ae=2&sig=AOD64_2mtcp56H5siU41Uvda9k9W_075jw&q=&ved=2ahUKEwjY9uXjk-D8AhVdQzABHXYqCjYQh78CegQIBxAB&adurl=,"Filter Your Search By Location, Property Type and Amenities of Your Choice. Connect With The Best Real Estate Agents In Dubai and Get Fast Responses.... ‎1-Bedroom Apartments · ‎2-Bedroom Apartments · ‎Studios For Sale",1-Bedroom Apartments,2-Bedroom Apartments,Studios For Sale,,https://www.propertyfinder.ae/en/search?bdr[]=1&c=1&ob=mr&page=1&t=1,https://www.propertyfinder.ae/en/search?bdr[]=2&c=1&ob=mr&page=1&t=1,https://www.propertyfinder.ae/en/search?bdr[]=0&c=1&ob=mr&page=1&t=1,,2023-01-24,buy apartment dubai,
4,Apartments for Sale in Dubai Creek Harbour | Buy Luxury...,,https://elysian.com/dubai-creek-harbour-exclusive,https://www.elysian.com/,,https://www.google.com/aclk?sa=l&ai=DChcSEwjd8uvjk-D8AhUogFoFHYhlArMYABAAGgJ2dQ&ae=2&sig=AOD64_27quYWenYoDLaJshvFg9hll6qe5Q&q&adurl,"Dubai Creek Harbour - 1, 2, 3 Bedroom Luxury Waterfront Apartments & 4 Bedroom Penthouses. 70% During Construction & 30% on Handover. Prices Starting at AED 1.1... ‎Properties For Sale · ‎Properties For Rent · ‎Sell Your Property · ‎All Projects · ‎All Developers",Properties For Sale,Properties For Rent,Sell Your Property,All Projects,https://elysian.com/property-list/Sale,https://elysian.com/property-list/Rent,https://elysian.com/sell-with-us,https://elysian.com/off-plan-projects/all-projects,2023-01-24,buy apartment dubai,
1,Buy Apartments in Dubai - UAE's Largest Property Portal,,https://www.bayut.com/for-sale/apartments/dubai/,https://www.bayut.com/ae/dubai,,https://www.google.com/aclk?sa=l&ai=DChcSEwiTvJvlk-D8AhVO8OMHHYXyAd4YABADGgJ5bQ&ae=2&sig=AOD64_25gazzJPFgDrZy-OWn0Sql6vt4DQ&q&adurl,"Get in touch with agents in real time to know more about the Apartment and book a tour. Select the number of bedrooms, amenities, price range and more using multiple filters. ‎1 Bed Apartments · ‎5 Beds Apartments · ‎Contact Us · ‎4 Beds Apartments · ‎Area Guides",1 Bed Apartments,5 Beds Apartments,Contact Us,4 Beds Apartments,https://www.bayut.com/for-sale/apartments/dubai/?property_types=4&location_ids=5002&beds_in=1,https://www.bayut.com/for-sale/apartments/dubai/?property_types=4&location_ids=5002&beds_in=5,https://www.bayut.com/contactus.html,https://www.bayut.com/for-sale/apartments/dubai/?property_types=4&location_ids=5002&beds_in=4,2023-01-24,buy apartment dubai,
2,Property for sale in Dubai - 1-3 Bedroom Apartment for sale,,https://sobhaone.shrdubai.com/?utm_source=Google&utm_medium=CPC&utm_campaign=SobhaJanN&utm_term=apartment%20for%20sale%20in%20dubai,https://sobhaone.shrdubai.com/sales/center,,https://www.google.com/aclk?sa=l&ai=DChcSEwiTvJvlk-D8AhVO8OMHHYXyAd4YABAAGgJ5bQ&ae=2&sig=AOD64_0vj8gEtMXw3V40Ohj9oKKlpKj__w&q&adurl,"New Collection of Apartment for sale in dubaiApartments Located in Sobhá Hartland, Book with 10% Now. Apartment for sale in dubai waterfront community of luxurious apartments... ‎4 Years Payment Plan · ‎Panoramic View",4 Years Payment Plan,Panoramic View,,,https://sobhaone.shrdubai.com/#script,https://sobhaone.shrdubai.com/#section,,,2023-01-24,buy apartment dubai,
3,Ready to move-in Apartments - 1 to 3 Bedrooms,,https://residence110.sale-centre.com/?utm_source=googleads&utm_campaign=residence110_prospecting,https://residence110.sale-centre.com/,,https://www.google.com/aclk?sa=l&ai=DChcSEwiTvJvlk-D8AhVO8OMHHYXyAd4YABABGgJ5bQ&ae=2&sig=AOD64_2YHD6af6JO2rLCC6rEQJEz8xxD6Q&q&adurl,Select Group presents ready to move-in apartments in Business Bay starting AED 1.8M. Residences 110 by Select Group offers ready apartments with views of Burj Khalifa.,,,,,,,,,2023-01-24,buy apartment dubai,
4,Luxury 1-3 BR Apartments - Attractive Prices & Plans,,https://campaigns.uaeproperties-re.com/zazen?utm_company=RR&utm_adset=ALL_UAE_OR_ALL_OT_A_BRAND&utm_creative=USP_TXT_NA_LM_NA_AD&utm_country=UAE&utm_language=English,https://campaigns.uaeproperties-re.com/apartments/dubai,,https://www.google.com/aclk?sa=l&ai=DChcSEwiTvJvlk-D8AhVO8OMHHYXyAd4YABACGgJ5bQ&ae=2&sig=AOD64_0u2DYimbWL7k1CpYdvuy7llt7xhQ&q&adurl,We have Meticulously Crafted Each Element With Your Health and Prosperity as A priority. ‎Prices & Payment Plans · ‎About ZāZEN Gardens · ‎Apply Now · ‎Discover More,Prices & Payment Plans,About ZāZEN Gardens,Apply Now,Discover More,https://campaigns.uaeproperties-re.com/zazen?utm_source=Google&utm_medium=Sitelink2&utm_campaign=PA_GO_GO_HOR_RR_ZAZENGARDENS_AP_GE_PER_WC_ENG_301122_BV&utm_company=RR&utm_adset=ALL_UAE_OR_ALL_OT_A_GENERIC&utm_creative=USP_TXT_NA_LM_NA_AD&utm_country=UAE&utm_language=English,https://campaigns.uaeproperties-re.com/zazen?utm_source=Google&utm_medium=Sitelink1&utm_campaign=PA_GO_GO_HOR_RR_ZAZENGARDENS_AP_GE_PER_WC_ENG_301122_BV&utm_company=RR&utm_adset=ALL_UAE_OR_ALL_OT_A_GENERIC&utm_creative=USP_TXT_NA_LM_NA_AD&utm_country=UAE&utm_language=English,https://campaigns.uaeproperties-re.com/zazen?utm_source=Google&utm_medium=Sitelink4&utm_campaign=PA_GO_GO_HOR_RR_ZAZENGARDENS_AP_GE_PER_WC_ENG_301122_BV&utm_company=RR&utm_adset=ALL_UAE_OR_ALL_OT_A_GENERIC&utm_creative=USP_TXT_NA_LM_NA_AD&utm_country=UAE&utm_language=English,https://campaigns.uaeproperties-re.com/zazen?utm_source=Google&utm_medium=Sitelink3&utm_campaign=PA_GO_GO_HOR_RR_ZAZENGARDENS_AP_GE_PER_WC_ENG_301122_BV&utm_company=RR&utm_adset=ALL_UAE_OR_ALL_OT_A_GENERIC&utm_creative=USP_TXT_NA_LM_NA_AD&utm_country=UAE&utm_language=English,2023-01-24,buy apartment dubai,
1,AIX Properties in Dubai - 20% Yearly Returns for 5 Years,,https://aixproperties.com/,https://www.aixproperties.com/,,https://www.google.com/aclk?sa=l&ai=DChcSEwjK1a7qk-D8AhWc7OMHHXahDY4YABAHGgJ5bQ&sig=AOD64_0uP-R9bIG0Cgq9elV22cSFt-a6TA&q=&ved=2ahUKEwi_6afqk-D8AhUwkYkEHWRXBEIQh78CegQICRAB&adurl=,We Help You Achieve Consistent and Above Market Returns at 20% Net Per Annum for 5 years. Offering Best Real Estate Investment Properties in...,Property Prices,Our Properties,,,https://aixproperties.com/?utm_source=Google&utm_medium=Propertyprices-SL&utm_campaign=AIX-GCC-EN,https://aixproperties.com/?utm_source=Google&utm_medium=OurProperties-SL&utm_campaign=AIX-GCC-EN,,,2023-01-24,buy apartment dubai,
2,Download our Guide - Dubai Real Estate Investments,,https://promo.bhomes.com/offplan-investment-guide/,https://promo.bhomes.com/property/dubai,,https://www.google.com/aclk?sa=l&ai=DChcSEwjK1a7qk-D8AhWc7OMHHXahDY4YABADGgJ5bQ&sig=AOD64_15Wx8404coEWyVSr6CeooNr88RBw&q&adurl,Expand your investment portfolio with low risk property investments in Dubai. Invest in...,,,,,,,,,2023-01-24,buy apartment dubai,
3,Apartments for Sale in Business Bay | Buy Luxury Property Dubai,,https://elysian.com/business-bay-exclusive,https://www.elysian.com/,,https://www.google.com/aclk?sa=l&ai=DChcSEwjK1a7qk-D8AhWc7OMHHXahDY4YABAEGgJ5bQ&sig=AOD64_0Ikcdt9eO41CF_i4Up64TZNQhGiQ&q&adurl,"Studio, 1, 2, 3, 4 BR Starting At AED 900K with 8 Years Payment Plan. Enquire Today",,,,,,,,,2023-01-24,buy apartment dubai,
4,Only 1% Payment Plan - Download Brochure,,https://topluxuryproperty.net/danube-elitz/index.html,https://www.topluxuryproperty.net/apartments-for/sale-in-dubai,,https://www.google.com/aclk?sa=l&ai=DChcSEwjK1a7qk-D8AhWc7OMHHXahDY4YABABGgJ5bQ&sig=AOD64_3r3XV1YzAPFDcFb9lsEFN873w8VA&q&adurl,"Opportunity to buy an apartment in Dubai. Prices from AED 599,000 in High-Rise Towers",,,,,,,,,2023-01-24,buy apartment dubai,
5,W Residences Cairo Apartments - Get up to 30%* ROI,,https://www.google.com/aclk?sa=l&ai=DChcSEwjK1a7qk-D8AhWc7OMHHXahDY4YABAAGgJ5bQ&sig=AOD64_1eBfceaCF9t87AfWBGi_erLCCLZw&adurl=&q=,https://www.sales-inquiries.ae/,,https://www.google.com/aclk?sa=l&ai=DChcSEwjK1a7qk-D8AhWc7OMHHXahDY4YABAAGgJ5bQ&sig=AOD64_1eBfceaCF9t87AfWBGi_erLCCLZw&q&adurl,W Residences Cairo is Luxury branded residences at the center stage of life in New Cairo. 1 to 3 bhk apartments & garden villas with private lifts surrounded by landscaped gardens.,,,,,,,,,2023-01-24,buy apartment dubai,
1,Direct from Developer - Completion 2025,,https://marketing.tanamiproperties.com/dubai-apartments-for-sale/,https://marketing.tanamiproperties.com/buy-houses/dubai,,https://www.google.com/aclk?sa=l&ai=DChcSEwiivIK-8uz8AhWF2sgKHVW_APgYABAGGgJxdQ&ae=2&sig=AOD64_2zR9UaU9I2hxYLnR36GFzPvoG26Q&q=&ved=2ahUKEwjFz_u98uz8AhVQEFkFHe5DBLMQh78CegQIBxAB&adurl=,"1, 2, 3 & 4 bedroom apartments with waterfront views, gated community, fully furnished. Luxury Apartments at prime locations of Dubai offering exclusive...",Safa Two by Damaç,Dubai Creek Harbour,,,https://marketing.tanamiproperties.com/safa-two-damac-dubai/,https://marketing.tanamiproperties.com/dubai-creek-harbour-emaar/,,,2023-01-29,dubai new developments,
2,Dubai Properties | Leading Real Estate Developer in Dubai,,https://www.dp.ae/,https://www.dp.ae/,,https://www.google.com/aclk?sa=l&ai=DChcSEwiivIK-8uz8AhWF2sgKHVW_APgYABADGgJxdQ&ae=2&sig=AOD64_2an-6uE5FYKBKGUnqVTUAp_R7ogA&q&adurl,Start your next chapter today in a 3-4 bed townhouse from AED 2.06M in Mudon Al Ranim,,,,,,,,,2023-01-29,dubai new developments,
3,New Launch in Dubai - Damac Bay By Damac,,https://dubai-offplan-investments.com/index.php/damac-bay-by-roberto-cavalli/,https://www.dubai-offplan-investments.com/,,https://www.google.com/aclk?sa=l&ai=DChcSEwiivIK-8uz8AhWF2sgKHVW_APgYABAAGgJxdQ&ae=2&sig=AOD64_1tDqlZWVowZOtkbqmDFiGLlLZAdw&q&adurl,Discover the best in waterfront luxury living in Dubai. Invest now and secure your future.,,,,,,,,,2023-01-29,dubai new developments,
4,Buy Developing Properties - New Developments For Sale,,https://propertyguru.ae/property-list/,https://www.propertyguru.ae/,,https://www.google.com/aclk?sa=l&ai=DChcSEwiivIK-8uz8AhWF2sgKHVW_APgYABABGgJxdQ&ae=2&sig=AOD64_19pTZUNiEQ27YJEXm6XA1nSvrk7g&q&adurl,Contact us now to know more about investing in Dubai real estate or properties. The best...,,,,,,,,,2023-01-29,dubai new developments,
1,Dubai Properties Pvt Ltd - Real Estate Developer in Dubai,,https://www.dp.ae/,https://www.dp.ae/,,https://www.google.com/aclk?sa=l&ai=DChcSEwjD4YvC8uz8AhWQjMgKHQ-lABsYABAAGgJxdQ&ae=2&sig=AOD64_3Yf1by3PQ8Sgy5SG1HvoHIX6wiAA&q&adurl,Wake up to greenery with the latest addition of 3-4 bed townhouses in Mudon Al Ranim. Start your next chapter today in a 3-4 bed townhouse from AED 2.06M in Mudon Al Ranim.,,,,,,,,,2023-01-29,dubai new developments,
2,Direct from Developer - Luxury Apartments in Dubai,,https://marketing.tanamiproperties.com/dubai-apartments-for-sale/,https://marketing.tanamiproperties.com/luxury-dubai/apartments,,https://www.google.com/aclk?sa=l&ai=DChcSEwjD4YvC8uz8AhWQjMgKHQ-lABsYABAIGgJxdQ&ae=2&sig=AOD64_3dpMcMUdif1xIJi6mKHyuLuTc9Vg&q=&ved=2ahUKEwj694TC8uz8AhUOE1kFHXJDBCUQh78CegQIBxAB&adurl=,"Plethora of options to buy apartments, duplexes, penthouses & serviced apartments in Dubai. Spacious apartments with exclusive payment plans with... ‎Palm Beach Tower in Dubai · ‎Dubai Creek Harbour · ‎Safa Two by Damaç · ‎About Us",Palm Beach Tower in Dubai,Dubai Creek Harbour,Safa Two by Damaç,About Us,https://marketing.tanamiproperties.com/palm-beach-tower-dubai/,https://marketing.tanamiproperties.com/dubai-creek-harbour-emaar/,https://marketing.tanamiproperties.com/safa-two-damac-dubai/,https://www.tanamiproperties.com/About.aspx,2023-01-29,dubai new developments,
3,New Launch in Dubai - Damac Bay By Damac,,https://dubai-offplan-investments.com/index.php/damac-bay-by-roberto-cavalli/,https://www.dubai-offplan-investments.com/,,https://www.google.com/aclk?sa=l&ai=DChcSEwjD4YvC8uz8AhWQjMgKHQ-lABsYABACGgJxdQ&ae=2&sig=AOD64_0xu5SsO-5rU4PD3rVsdJwkEyRXiw&q&adurl,Discover the best in waterfront luxury living in Dubai. Invest now and secure your future. Luxury waterfront apartments with views over looking palm Jumeriah starting from 2.9M AED. Private Beach Access. Beachfront Apartments.,,,,,,,,,2023-01-29,dubai new developments,
4,Dubai Property Launch - All Projects Listed in UAE,,https://www.offplan-dubai.com/,https://www.offplan-dubai.com/properties/portal,,https://www.google.com/aclk?sa=l&ai=DChcSEwjD4YvC8uz8AhWQjMgKHQ-lABsYABAEGgJxdQ&ae=2&sig=AOD64_1wRmRgO_e0hFFdJSwafx3RWzAJMw&q=&ved=2ahUKEwj694TC8uz8AhUOE1kFHXJDBCUQh78CegQIBhAB&adurl=,Invest in Dubai Real estate - Dubai Properties Portal - All Projects Listed in UAE. Your One Stop Portal to Browse All the Latest Off Plan Projects. All Real Estate Projects. Buy Direct From Developer. No Fees - Buy Direct. Daily Special Offers....,,,,,,,,,2023-01-29,dubai new developments,
1,IBIZA Townhouses DÀMÀC Lagoons - Buy Townhouse in...,,https://damac-lagoons.site/,https://www.damac-lagoons.site/ibizatownhouses,,https://www.google.com/aclk?sa=l&ai=DChcSEwif2q_D8uz8AhWMhcgKHQ6LAnYYABAAGgJxdQ&ae=2&sig=AOD64_2uP-DMId8k5Sxo3Jq6crrSOpZ-vg&q&adurl,IBIZA DÀMÀC Lagoons - A new collection of Mediterranean-inspired townhouses is coming soon,Contact Us,IBIZA Townhouses,,,https://damac-lagoons.site/uniqueasset/thanku.html,https://damac-lagoons.site/uniqueasset/,,,2023-01-29,dubai new developments,
2,New Dubai Projects & Developments - Dubai Properties,,https://www.dp.ae/our-portfolio/latest-projects/,https://www.dp.ae/,,https://www.google.com/aclk?sa=l&ai=DChcSEwif2q_D8uz8AhWMhcgKHQ6LAnYYABADGgJxdQ&ae=2&sig=AOD64_1_SBQzI2mWva93vYqBa3L_hae58Q&q&adurl,Wake up to greenery with the latest addition of 3-4 bed townhouses in Mudon Al Ranim.,,,,,,,,,2023-01-29,dubai new developments,
3,Dubai Creek Harbour - Beachfront Apartments Dubai,,https://www.aaronz.co/projects/dubai-creek-harbour/,https://www.aaronz.co/apartments/dubai-creek,,https://www.google.com/aclk?sa=l&ai=DChcSEwif2q_D8uz8AhWMhcgKHQ6LAnYYABABGgJxdQ&ae=2&sig=AOD64_2JY8ZdV9hbad0QMGSDf6_mf-0Iqw&q&adurl,"Luxury Waterfront 1-3 Bedroom Apartments, 4 Years payment plan. Limited units available.",,,,,,,,,2023-01-29,dubai new developments,
4,Book a Tour 15th to 25th Jan - Starting from AED 970K,,https://campaigns.uaeproperties-re.com/zazen-wk?utm_company=OBG&utm_adset=ALL_UAE_OR_CST_AA_A_CUSTOM&utm_creative=USP_DYC_TOI_LM_NA_NA&utm_country=UAE&utm_language=English,https://campaigns.uaeproperties-re.com/aparments/dubai,,https://www.google.com/aclk?sa=l&ai=DChcSEwif2q_D8uz8AhWMhcgKHQ6LAnYYABACGgJxdQ&ae=2&sig=AOD64_2l6SgVAZhjW5mDeLRPCmTC1IbFTA&q&adurl,Come and Visit ZāZEN Gardens. 1-3 BR Apartments. Luxury Residences With Well-Being Design.,,,,,,,,,2023-01-29,dubai new developments,
1,Dubai Properties | Leading Real Estate Developer in Dubai,,https://www.dp.ae/,https://www.dp.ae/,,https://www.google.com/aclk?sa=l&ai=DChcSEwiQj-3E8uz8AhUDxoYKHZCNDIwYABAAGgJ2dQ&ae=2&sig=AOD64_2Jk143E27pz-KG68PE4hehAwM8gg&q&adurl,Give community life a new perspective in a 3-4 bed townhouse from AED 2.06M in Mudon. Start your next chapter today in a 3 to 4-bedroom townhouse.,,,,,,,,,2023-01-29,dubai new developments,
2,Dubai Off Plan Investments - Explore Latest Launch of Damac,,https://dubai-offplan-investments.com/index.php/damac-bay-by-roberto-cavalli/,https://www.dubai-offplan-investments.com/,,https://www.google.com/aclk?sa=l&ai=DChcSEwiQj-3E8uz8AhUDxoYKHZCNDIwYABABGgJ2dQ&ae=2&sig=AOD64_23SSGkn9ZpFfv_aOWrPU-rk6Bogw&q&adurl,Experience luxury living in Dubai with Damac Properties. View our available listings. Find...,,,,,,,,,2023-01-29,dubai new developments,
1,Direct from Developer - Completion 2025,,https://marketing.tanamiproperties.com/dubai-apartments-for-sale/,https://marketing.tanamiproperties.com/buy-houses/dubai,,https://www.google.com/aclk?sa=l&ai=DChcSEwjlmcPG8uz8AhXpLK0GHaMhC8gYABAHGgJwdg&ae=2&sig=AOD64_2odPfc6XN6_WLIywYZV8sT3WmWSQ&q=&ved=2ahUKEwjj5rvG8uz8AhVjI0QIHRHMAdQQh78CegQICBAB&adurl=,"1, 2, 3 & 4 bedroom apartments with waterfront views, gated community, fully furnished. Luxury Apartments at prime locations of Dubai offering exclusive payment plans. Market Research Available. Multiple Payment Options.... ‎Safa Two by Damaç · ‎Dubai Creek Harbour · ‎Palm Beach Tower in Dubai · ‎News & Articles",Safa Two by Damaç,Dubai Creek Harbour,Palm Beach Tower in Dubai,News & Articles,https://marketing.tanamiproperties.com/safa-two-damac-dubai/,https://marketing.tanamiproperties.com/dubai-creek-harbour-emaar/,https://marketing.tanamiproperties.com/palm-beach-tower-dubai/,https://www.tanamiproperties.com/News-and-Articles,2023-01-29,dubai new developments,
2,Apartments in Palm Jumeirah | Dubai Luxury Villa Properties for...,,https://elysian.com/palm-jumeirah-exclusive,https://www.elysian.com/,,https://www.google.com/aclk?sa=l&ai=DChcSEwjlmcPG8uz8AhXpLK0GHaMhC8gYABADGgJwdg&ae=2&sig=AOD64_06fRU2xGbRJ_fr8Ecek0kZ_5yxHg&q&adurl,1 To 4 Bedroom Apartments & Penthouses. Ready To Move. Uninterrupted Skyline & Sea View. Palm Jumeirah Luxury Apartment & Villas for sale. Browse To View The properties.,,,,,,,,,2023-01-29,dubai new developments,
3,"Buy Dubai Houses, Apartments & Villas | Dubai Properties",,https://www.dp.ae/our-portfolio/all-projects/,https://www.dp.ae/,,https://www.google.com/aclk?sa=l&ai=DChcSEwjlmcPG8uz8AhXpLK0GHaMhC8gYABACGgJwdg&ae=2&sig=AOD64_3Y_7khTETN17cEkeMf07yI0nol_w&q&adurl,Start your next chapter today in a 3 to 4-bedroom townhouse. Wake up to greenery with the latest addition of 3-4 bed townhouses in Mudon Al Ranim.,,,,,,,,,2023-01-29,dubai new developments,
4,Property Investment In Dubai - Invest in Dubai Real Estate,,https://propertyguru.ae/property-list/,https://www.propertyguru.ae/,,https://www.google.com/aclk?sa=l&ai=DChcSEwjlmcPG8uz8AhXpLK0GHaMhC8gYABABGgJwdg&ae=2&sig=AOD64_0vmnWeaGZHJkamTjZjXXeCP-aGzQ&q&adurl,Contact us now to know more about investing in Dubai real estate or properties. The best...,,,,,,,,,2023-01-29,dubai new developments,
1,Explore Latest Launch of Damac - Damac Dubai Luxury Living,,https://dubai-offplan-investments.com/index.php/damac-bay-by-roberto-cavalli/,https://www.dubai-offplan-investments.com/,,https://www.google.com/aclk?sa=l&ai=DChcSEwiizvbH8uz8AhWYwMgKHaNnAFcYABADGgJxdQ&ae=2&sig=AOD64_2kZ9l6hMkQ4VyJ0VPRG424amqSfg&q&adurl,Experience luxury living in Dubai with Damac Properties. View our available listings. Find your perfect property in Dubai with Damac Properties. We have locations. Roberto Cavalli. Private Beach Access. Beachfront Apartments.,,,,,,,,,2023-01-29,dubai new developments,
2,New Properties in Dubai - 20% Yearly Returns for 5 Years,,https://aixproperties.com/,https://www.aixproperties.com/dubai/properties,,https://www.google.com/aclk?sa=l&ai=DChcSEwiizvbH8uz8AhWYwMgKHaNnAFcYABAGGgJxdQ&ae=2&sig=AOD64_3mtKtwBz935KJ1vIXwRcVwVnkfTQ&q=&ved=2ahUKEwi88O_H8uz8AhVYM1kFHb4ODFIQh78CegQIBhAB&adurl=,We Help You Achieve Consistent and Above Market Returns at 20% Net Per Annum for 5 years. Offering Best Real Estate Investment Properties in Contemporary Locations Across Dubai. Collateralized Investment. View Our...,,,,,,,,,2023-01-29,dubai new developments,
3,New Dubai Projects & Developments | Dubai Properties,,https://www.dp.ae/our-portfolio/latest-projects/,https://www.dp.ae/,,https://www.google.com/aclk?sa=l&ai=DChcSEwiizvbH8uz8AhWYwMgKHaNnAFcYABAAGgJxdQ&ae=2&sig=AOD64_3WSvBruICumpK8oEcBjXoq2-5XCA&q&adurl,Wake up to greenery with the latest addition of 3-4 bed townhouses in Mudon Al Ranim. Start your next chapter today in a 3-4 bed townhouse from AED 2.06M in Mudon Al Ranim.,,,,,,,,,2023-01-29,dubai new developments,
4,Dubai New Downtown Property - Starting Price AED 1.9M,,https://salesoffice-ae.com/,https://www.salesoffice-ae.com/,,https://www.google.com/aclk?sa=l&ai=DChcSEwiizvbH8uz8AhWYwMgKHaNnAFcYABAFGgJxdQ&ae=2&sig=AOD64_2COmYMI_sEC357PqC4SeeTe7rGhw&q=&ved=2ahUKEwi88O_H8uz8AhVYM1kFHb4ODFIQh78CegQIBRAB&adurl=,Own Your Dream Luxury Property Nestled in the Heart of Dubai. Register your interest now. Own your private beach view Apartment with easy payments plan. Only 10% For Down Payment. Tax Free Living. Affordable Luxury. Upto 15% ROI....,,,,,,,,,2023-01-29,dubai new developments,
5,Viewz by Danube. - Dubai Property Developers.,,https://prelaunch.danubeproperties.ae/?UTM=WHATSAPP,https://prelaunch.danubeproperties.ae/viewzbydanube/aston_martin,,https://www.google.com/aclk?sa=l&ai=DChcSEwiizvbH8uz8AhWYwMgKHaNnAFcYABAEGgJxdQ&ae=2&sig=AOD64_1C18ldh2Y0huc-ivhRo3SUXxe3rQ&q&adurl,"When luxury meets trust, it transcends into an experience that is unimaginable. Book on launch day and get your apartment fully furnished for free. Best Payment Plan. Reputed Developer in UAE. Pay 1% Monthly. New Launch by Danube. ‎2BHK Apartment · ‎Contact Us",2BHK Apartment,Contact Us,,,https://danubeproperties.ae/projects/elitz-by-danube/?UTM=Googleads,https://danubeproperties.ae/?UTM=GoogleadsViewz,,,2023-01-29,dubai new developments,
1,Real Estate from Damac - Properties In Dubai,,https://dmc.properties/property/,https://www.dmc.properties/,,https://www.google.com/aclk?sa=l&ai=DChcSEwiAqdGk8-z8AhUR-cgKHTJfCgkYABACGgJxdQ&ae=2&sig=AOD64_2WmX8YPZ60K8Z-1i7-okmdbJDy5g&q&adurl,Make money by investing in DAMAC Properties projects. Rental yield from 10 %. Wide property offers. New developments in Dubai. Check out the deals on our website. Off-plan.,Damac Hills 2,Akoya Oxygen,,,https://dmc.properties/guides/damac-hills/,https://dmc.properties/guides/akoya-oxygen/,,,2023-01-29,dubai real estate,
2,Buy Property in Dubai - Homes For Sale In UAE,,https://salescentre-office.com/damac-lagoons,https://www.salescentre-office.com/,,https://www.google.com/aclk?sa=l&ai=DChcSEwiAqdGk8-z8AhUR-cgKHTJfCgkYABABGgJxdQ&ae=2&sig=AOD64_1h9O7adnKy7-R_J3oBGnThawVsBg&q&adurl,"3, 4, 5, 6 and 7-bedroom townhouses & villas in Dàmac Lagoons. Starting from AED 2M. 5...",,,,,,,,,2023-01-29,dubai real estate,
3,Luxury Real Estate in Dubai - Sea Views,,https://dubai-offplan-investments.com/index.php/damac-bay-by-roberto-cavalli/,https://www.dubai-offplan-investments.com/,,https://www.google.com/aclk?sa=l&ai=DChcSEwiAqdGk8-z8AhUR-cgKHTJfCgkYABADGgJxdQ&ae=2&sig=AOD64_2uBXMLjzMLYLycwNwumzv4H_zRfQ&q&adurl,Experience luxury living in Dubai. Limited availability of luxury real estate. Enquire now,,,,,,,,,2023-01-29,dubai real estate,
4,Apartments for Sale in Dubai Creek Harbour | Buy Luxury...,,https://elysian.com/dubai-creek-harbour-exclusive,https://www.elysian.com/,,https://www.google.com/aclk?sa=l&ai=DChcSEwiAqdGk8-z8AhUR-cgKHTJfCgkYABAAGgJxdQ&ae=2&sig=AOD64_3WNej1p4HCaWnKw_9BoxrpPK1duw&q&adurl,"Dubai Creek Harbour - 1, 2, 3 Bedroom Luxury Waterfront Apartments & 4 Bedroom Penthouses",,,,,,,,,2023-01-29,dubai real estate,
1,Properties in Dubai For Sale - Beach Apartments in Dubai,,https://dubai-beach-front-properties.ae/,https://www.dubai-beach-front-properties.ae/,,https://www.google.com/aclk?sa=l&ai=DChcSEwjw_M2n8-z8AhUJi8gKHUt9AHIYABAFGgJxdQ&ae=2&sig=AOD64_1n1bf-9D5D5S8-2SxlFsv5ylCfyA&q=&ved=2ahUKEwiTwsKn8-z8AhU2FFkFHe_MCQcQh78CegQICRAB&adurl=,Scout top properties in Dubai for residential and commercial use. Contact us today! Enjoy Dubai skyline and the breathtaking view from the comfort of your... ‎View Plans · ‎Buy Now · ‎Browse Projects · ‎Invest Smartly,View Plans,Buy Now,Browse Projects,Invest Smartly,https://dubai-beach-front-properties.ae/#rec360134209,https://dubai-beach-front-properties.ae/#rec360134203,https://dubai-beach-front-properties.ae/#rec360134207,https://dubai-beach-front-properties.ae/#rec360134214,2023-01-29,dubai real estate,
2,Dubai properties for Sale - Elite houses and villas,,https://fc-dubai.com/en?utm_source=google&utm_medium=cpc&utm_campaign=g&utm_content=646255755487&utm_term=dubai%20property%20for%20sale,https://www.fc-dubai.com/,,https://www.google.com/aclk?sa=l&ai=DChcSEwjw_M2n8-z8AhUJi8gKHUt9AHIYABABGgJxdQ&ae=2&sig=AOD64_3qBjLlDMS625gDsvrUfO38-8Ut1Q&q&adurl,Unlock the Potential of Dubai Booming Real Estate Market and Secure Your Financial Future. Maximize Your Returns with Dubai Property Investment in a Safe and Stable Market.,,,,,,,,,2023-01-29,dubai real estate,
3,Real Estate from Damac - Properties In Dubai,,https://dmc.properties/property/,https://www.dmc.properties/,,https://www.google.com/aclk?sa=l&ai=DChcSEwjw_M2n8-z8AhUJi8gKHUt9AHIYABACGgJxdQ&ae=2&sig=AOD64_36vKcq9vEWLRoRBFL_LiR0WCgpXw&q&adurl,Make money by investing in DAMAC Properties projects. Rental yield from 10 %. Wide property offers. New developments in Dubai. Check out the deals on our website. ‎Damac Hills 2 · ‎Akoya Oxygen · ‎Sheikh Zayed Road · ‎Dubailand · ‎Al Safa · ‎Dubai Marina,Damac Hills 2,Akoya Oxygen,Sheikh Zayed Road,Dubailand,https://dmc.properties/guides/damac-hills/,https://dmc.properties/guides/akoya-oxygen/,https://dmc.properties/guides/sheikh-zayed-road/,https://dmc.properties/guides/dubai-land/,2023-01-29,dubai real estate,
4,Luxury Tower in Dubai Marina - One BHK Homes from AED 1.37M,,https://marina-living.ae/,https://www.marina-living.ae/,,https://www.google.com/aclk?sa=l&ai=DChcSEwjw_M2n8-z8AhUJi8gKHUt9AHIYABADGgJxdQ&ae=2&sig=AOD64_14FbKDp6MHe_QIaXe8Jdw-WcYJpw&q&adurl,Introducing the opportunity to buy an apartment in a tower on the last plot in Marina. Prices from AED1.37M. 3 Yrs interest-free payment plan. Book a virtual call. We are online.,,,,,,,,,2023-01-29,dubai real estate,
1,"Flexible Payment Plan - From AED 1,900,000",,https://official.lagoons-salesoffice.com/?utm_source=Google&utm_medium=Search&utm_campaign=Lagoon_MonteCarlo&utm_content=Eng,https://official.lagoons-salesoffice.com/villas/dubai,,https://www.google.com/aclk?sa=l&ai=DChcSEwizt_iq8-z8AhWLisgKHZ_UBOoYABACGgJxdQ&ae=2&sig=AOD64_1Iu2sJFTfRT9qcZ5UGm3arMefMWQ&q&adurl,"Luxury 3 to 5 Bedroom Waterfront Villas in Dubai with Prices from AED 1,900,000. Flexible Payment Plan Several Options Available. Ready Options Available. Private Beach.",Beachfront Villas,Properties in Dubai,Villas in Dubai,,https://official.lagoons-salesoffice.com/?utm_source=Google&utm_medium=Search&utm_campaign=Lagoon_MonteCarlo&utm_content=beachfront,https://official.lagoons-salesoffice.com/?utm_source=Google&utm_medium=Search&utm_campaign=Lagoon_MonteCarlo&utm_content=Eng1,https://official.lagoons-salesoffice.com/?utm_source=Google&utm_medium=Search&utm_campaign=Lagoon_MonteCarlo&utm_content=Eng,,2023-01-29,dubai real estate,
2,Dubai Properties Pvt Ltd - Real Estate Developer in Dubai,,https://www.dp.ae/,https://www.dp.ae/,,https://www.google.com/aclk?sa=l&ai=DChcSEwizt_iq8-z8AhWLisgKHZ_UBOoYABABGgJxdQ&ae=2&sig=AOD64_2TJHJt841E1_oOYKNKyf7EEYQiTQ&q&adurl,Wake up to greenery with the latest addition of 3-4 bed townhouses in Mudon Al Ranim.,,,,,,,,,2023-01-29,dubai real estate,
3,Buy Property in DÀMÀC Dubai - Book @ 5% - Starts AED 2.1M,,https://damac-lagoons.site/,https://www.damac-lagoons.site/ibizatownhouses,,https://www.google.com/aclk?sa=l&ai=DChcSEwizt_iq8-z8AhWLisgKHZ_UBOoYABAAGgJxdQ&ae=2&sig=AOD64_1hIAB7gHzJTXjJZrN-4kebz4KCoQ&q&adurl,IBIZA DÀMÀC Lagoons - A new collection of Mediterranean-inspired townhouses is coming soon,,,,,,,,,2023-01-29,dubai real estate,
1,Invest in Dubai Real Estate - Property Investment In Dubai,,https://propertyguru.ae/property-list/,https://www.propertyguru.ae/,,https://www.google.com/aclk?sa=l&ai=DChcSEwjutouz8-z8AhUGJ0wKHVxIA_wYABACGgJvYQ&ae=2&sig=AOD64_2psuQFckPRKTmO5glniHBdDFyLKA&q&adurl,Contact us now to know more about investing in Dubai real estate or properties. The best platform to find out new properties to buy in dubai. Direct From Developers. Mortgage Calculator. Best Investment Returns. Great Deals. ‎Town Houses · ‎Search Villas · ‎Properties · ‎Contact Us · ‎Developers List,Town Houses,Search Villas,Properties,Contact Us,https://propertyguru.ae/listings/town-house/,https://propertyguru.ae/listings/villas/,https://propertyguru.ae/properties/,https://propertyguru.ae/contact-us/,2023-01-29,dubai real estate,
2,Dubai Properties | Leading Real Estate Developer in Dubai,,https://www.dp.ae/,https://www.dp.ae/,,https://www.google.com/aclk?sa=l&ai=DChcSEwjutouz8-z8AhUGJ0wKHVxIA_wYABAAGgJvYQ&ae=2&sig=AOD64_0Ipnp_PmjiZilWCDcOmnieTAZgog&q&adurl,Start your next chapter today in a 3-4 bed townhouse from AED 2.06M in Mudon Al Ranim. Wake up to greenery with the latest addition of 3-4 bed townhouses in Mudon Al Ranim.,,,,,,,,,2023-01-29,dubai real estate,
3,Jumeirah Village Circle Luxury - Binghatti JVC,,https://uae.dxboffplanproperty.com/binghatti-nova,https://uae.dxboffplanproperty.com/binghatti/nova,,https://www.google.com/aclk?sa=l&ai=DChcSEwjutouz8-z8AhUGJ0wKHVxIA_wYABAEGgJvYQ&ae=2&sig=AOD64_1H8fMnbzCYpuyClrfpk3hIl31cwA&q&adurl,Binghatti NOVA luxury apartments situated in the heart of Dubai Jumeirah Village Circle. Unique balcony design of the building offers an outdoor space to enjoy with privacy. Playground. Swimming Pool. Events Parks. Outdoor Fitness. ‎Burj Binghatti Jacob & Co · ‎Payment Plan · ‎Elegant Interiors · ‎Enquire Now,Burj Binghatti Jacob & Co,Payment Plan,Elegant Interiors,Enquire Now,https://uae.dxboffplanproperty.com/burj-binghatti,https://uae.dxboffplanproperty.com/binghatti-nova#page-block-7a5fvbib0ti,https://uae.dxboffplanproperty.com/binghatti-nova#page-block-aam936r84i,https://uae.dxboffplanproperty.com/binghatti-nova#page-block-ltf85er20g,2023-01-29,dubai real estate,
4,Apartments for Sale in Dubai Creek Harbour | Buy Luxury...,,https://elysian.com/dubai-creek-harbour-exclusive,https://www.elysian.com/,,https://www.google.com/aclk?sa=l&ai=DChcSEwjutouz8-z8AhUGJ0wKHVxIA_wYABABGgJvYQ&ae=2&sig=AOD64_0MnLzJz52COqaJCbvquclTyHTA8A&q&adurl,"Dubai Creek Harbour - 1, 2, 3 Bedroom Luxury Waterfront Apartments & 4 Bedroom Penthouses",,,,,,,,,2023-01-29,dubai real estate,
5,Dubai Off Plan Investments - Get Dubai 10 years golden visa,,https://dubai-offplan-investments.com/index.php/damac-bay-by-roberto-cavalli/,https://www.dubai-offplan-investments.com/,,https://www.google.com/aclk?sa=l&ai=DChcSEwjutouz8-z8AhUGJ0wKHVxIA_wYABADGgJvYQ&ae=2&sig=AOD64_3YgQjBoMuWn5PYEzG4254oYK_2og&q&adurl,Experience luxury living in Dubai. Limited availability of luxury real estate. Enquire now. Experience exclusivity in Dubai real estate. Enquire about our luxury listings now. Private Beach Access. Roberto Cavalli. Beachfront Apartments.,,,,,,,,,2023-01-29,dubai real estate,
1,Shakúff Iconic Design - Designer Lighting Fixtures,,https://shakuff.com/,https://www.shakuff.com/,,https://www.google.com/aclk?sa=l&ai=DChcSEwicm5z_h-38AhXQKUwKHcVwCzQYABAIGgJvYQ&ae=2&sig=AOD64_1fI1B0Iulvtxj2OWqwjluIbAmm-A&q=&ved=2ahUKEwiG7ZL_h-38AhXBk2oFHRHfDHEQh78CegQIBhAB&adurl=,Contact Us With Any Questions About Your Project. Let's Create Your Bespoke Idea Together. Our Team Will Work With You To Create Custom Chandeliers &...,Contact Us,Shop Chandeliers Online,Gallery,,https://shakuff.com/pages/contact,https://shakuff.com/pages/shop,https://shakuff.com/pages/gallery,,2023-01-29,designer lighting,"New York,New York,United States"
2,High Quality Chandeliers - Factory Direct Prices,,https://www.worldclasslighting.com/newwcl4/index.cfm,https://www.worldclasslighting.com/,,https://www.google.com/aclk?sa=l&ai=DChcSEwicm5z_h-38AhXQKUwKHcVwCzQYABAEGgJvYQ&ae=2&sig=AOD64_2-P5DJ73T8a6mr9mv2o62EoOxnXw&q=&ved=2ahUKEwiG7ZL_h-38AhXBk2oFHRHfDHEQh78CegQIAxAB&adurl=,Our chandeliers decorate many prestigious homes including the White House. We can customize our chandeliers according to your design requirements. Mon-Fri...,,,,,,,,,2023-01-29,designer lighting,"New York,New York,United States"
3,Browse the entire Visual Comfort Collection at Lighting New York,,https://lightingnewyork.com/vcm-branddetailpage.html,https://www.lightingnewyork.com/,,https://www.google.com/aclk?sa=l&ai=DChcSEwicm5z_h-38AhXQKUwKHcVwCzQYABAAGgJvYQ&ae=2&sig=AOD64_39BidbXv6JB_8r1D3gch8B3RG0mw&q&adurl,Residential Lighting Experts. Free Shipping! 7-Day Service. Free and Fast Shipping. Commercial & Residential. Shop Hassle-Free Today.,,,,,,,,,2023-01-29,designer lighting,"New York,New York,United States"
4,CatalogBrowse | Inspiration Lighting,,https://www.google.com/aclk?sa=l&ai=DChcSEwicm5z_h-38AhXQKUwKHcVwCzQYABABGgJvYQ&ae=2&sig=AOD64_0-7v6-9GO1uiBhLusEz88LRhEqyA&adurl=&q=,https://shop.inspirationlighting.com/,,https://www.google.com/aclk?sa=l&ai=DChcSEwicm5z_h-38AhXQKUwKHcVwCzQYABABGgJvYQ&ae=2&sig=AOD64_0-7v6-9GO1uiBhLusEz88LRhEqyA&q&adurl,Free Ground Shipping On All US Orders,,,,,,,,,2023-01-29,designer lighting,"New York,New York,United States"
1,"Chandeliers, Designer Modern Lighting From Burke Decor",,https://www.burkedecor.com/collections/chandeliers,https://www.burkedecor.com/,,https://www.google.com/aclk?sa=l&ai=DChcSEwj658KGiO38AhWVrsgKHSKyAxsYABAWGgJxdQ&ae=2&sig=AOD64_3SiO4fPKrKJf58A2fTeA8ncQ1V0Q&q&adurl,Currey & Company. Timeless Classics found in fine interiors around the world.,Shop By Room,New Arrivals,,,https://www.burkedecor.com/pages/shop-by-room-2021,https://www.burkedecor.com/collections/whats-new,,,2023-01-29,designer lighting,"New York,New York,United States"
2,High End Designer Lighting - nellavetrina.com,,https://nellavetrina.com/product-category/lighting,https://www.nellavetrina.com/,,https://www.google.com/aclk?sa=l&ai=DChcSEwj658KGiO38AhWVrsgKHSKyAxsYABAfGgJxdQ&ae=2&sig=AOD64_1WejVaKvw6px8xAO3ecVK4l__5Qg&q=&ved=2ahUKEwiWzraGiO38AhUjEFkFHRSZCNgQh78CegQIAxAB&adurl=,Bring Effortless Sophistication & Luxury To Any Space With Our Custom Designs...,,,,,,,,,2023-01-29,designer lighting,"New York,New York,United States"
3,"Find Designer Lighting - Better Lighting, Better Living",,https://www.lumens.com/lighting.html,https://www.lumens.com/,,https://www.google.com/aclk?sa=l&ai=DChcSEwj658KGiO38AhWVrsgKHSKyAxsYABASGgJxdQ&ae=2&sig=AOD64_03cv-M7GrVOL_31M5typva3gbYsQ&q&adurl,"More than 30,000 Designs from 350+ Global Brands - Exclusives Available Only at Lumens",,,,,,,,,2023-01-29,designer lighting,"New York,New York,United States"
4,Designer Lighting - No Shipping Charges Above $100,,https://www.lightology.com/,https://www.lightology.com/,,https://www.google.com/aclk?sa=l&ai=DChcSEwj658KGiO38AhWVrsgKHSKyAxsYABATGgJxdQ&ae=2&sig=AOD64_03n2yraDEJJVOD-8B-S6bQJB-W5A&q&adurl,"Huge Selection of Modern Lighting Low Price, Buy from Experts. Our certified lighting...",,,,,,,,,2023-01-29,designer lighting,"New York,New York,United States"
1,Obstruction Lights - QLIGHT - Ex-proof obstruction lights,,https://www.qlight.com/en/products/?qpcateid=98,https://www.qlight.com/,,https://www.google.com/aclk?sa=l&ai=DChcSEwjWiJvBne38AhUMl8gKHSgwCXIYABAFGgJxdQ&ae=2&sig=AOD64_1Hf2EPHnfcyGW9HCYMYkaa4DSB1g&q&adurl,"ICAO compliant Low Intensity A, B, C type & hazardous area Ex-proof obstruction lights. CE compliant Excellent visibility & durability Obstruction Lights with Darkness detecting.",Signal Beacon,Products,Obstruction Lights,,https://www.qlight.com/en/products/?qpcateid=20,https://www.qlight.com/en/products/,https://www.qlight.com/en/products/?qpcateid=78,,2023-01-29,designer lighting,"Istanbul,Istanbul,Turkey"
2,Architectural Lighting - Light Design,,https://lm3x.com/,https://www.lm3x.com/,,https://www.google.com/aclk?sa=l&ai=DChcSEwjWiJvBne38AhUMl8gKHSgwCXIYABAEGgJxdQ&ae=2&sig=AOD64_0BAbCdXT-qmcIsWS4U7GaVquVx-w&q&adurl,Explore outdoor projection system designed for architectural lighting! Plug 'n' Play. Smartphone Control App. Waterproof projector. Wireless Control. User friendly interface.,,,,,,,,,2023-01-29,designer lighting,"Istanbul,Istanbul,Turkey"
3,Lighting - Designer Lamps Archives - Bespoke Fine Furniture,,https://bespokefinefurniture.co.uk/product-category/lamps/designer-lighting/,https://www.bespokefinefurniture.co.uk/,,https://www.google.com/aclk?sa=l&ai=DChcSEwjWiJvBne38AhUMl8gKHSgwCXIYABACGgJxdQ&ae=2&sig=AOD64_3kRFjFwoeAxfn2GUrD0FqGXHG92g&q&adurl,"Bespoke interiors and top modern lighting to create a stunning. Unique Furniture, Lighting And Wooden Wall Decoration Can Make A Difference To Any Room.",,,,,,,,,2023-01-29,designer lighting,"Istanbul,Istanbul,Turkey"
4,Facade Lighting Design - Download our Free Whitepaper,,https://www.erco.com/en/projects/public/correctly-illuminating-facades-7226/,https://www.erco.com/,,https://www.google.com/aclk?sa=l&ai=DChcSEwjWiJvBne38AhUMl8gKHSgwCXIYABABGgJxdQ&ae=2&sig=AOD64_1aFvERGUUbN2Xr46o6K17R97oOdA&q&adurl,"Illuminating outdoor spaces. Allow us to approach your new outdoor project together. Architectural lighting. Efficient LED light for museums, offices, public spaces & shops. Extensive Accessories. Decades of Experience. Manufacturer Warranty 5Y. Light Automation. ‎LED Luminaires · ‎Reference Projects · ‎Individual Luminaires · ‎Products · ‎ERCO · ‎Press",LED Luminaires,Reference Projects,Individual Luminaires,Products,https://www.erco.com/products/products-6202/en/,https://www.erco.com/projects/projects-6200/en/,https://www.erco.com/service/erco-individual-6770/en/,https://www.erco.com/en/products/products-7581/,2023-01-29,designer lighting,"Istanbul,Istanbul,Turkey"
5,Lampemesteren.com - Exclusive designer lamps,,https://www.lampemesteren.com/,https://www.lampemesteren.com/,,https://www.google.com/aclk?sa=l&ai=DChcSEwjWiJvBne38AhUMl8gKHSgwCXIYABADGgJxdQ&ae=2&sig=AOD64_2NZmmqAmUDEJJkpsju-36_RcLjiA&q&adurl,"All famous designer lamps. Always cheapest: 100% price-match guarantee on everything. Extraordinary designer lamps of the highest quality. Free shipping above 99€. 100-day return policy. Free light bulb. Competent chat support. Brands: &tradition, Louis Poulsen. ‎Pendants · ‎Chandeliers · ‎Ceiling Lamps · ‎Floor Lamps · ‎Table Lamps · ‎Outdoor Lamps",Pendants,Chandeliers,Ceiling Lamps,Floor Lamps,https://www.lampemesteren.com/pendants/,https://www.lampemesteren.com/chandeliers/,https://www.lampemesteren.com/ceiling-lamps/,https://www.lampemesteren.com/floor-lamps/,2023-01-29,designer lighting,"Istanbul,Istanbul,Turkey"
6,Vakker – Vakkerlight - Vakkerlight.com,,https://vakkerlight.com/,https://www.vakkerlight.com/,,https://www.google.com/aclk?sa=l&ai=DChcSEwjWiJvBne38AhUMl8gKHSgwCXIYABAAGgJxdQ&ae=2&sig=AOD64_2whcHgaP-NnTwQg6840ew_ErHo8w&q&adurl,Nordic design manufacturer. Inspiration & makeover ideas for every room. The material of the lamp body is available in resin and brass. modern and classic. Deliver your doorstep. ‎Contact us · ‎‎Shop Chandeliers · ‎Floor lamp · ‎Table lamp · ‎Buy pendant light · ‎Stock,Contact us,‎Shop Chandeliers,Floor lamp,Table lamp,https://vakkerlight.com/pages/contact-us,https://vakkerlight.com/collections/chandelier,https://vakkerlight.com/collections/floor-lamp,https://vakkerlight.com/collections/table-lamp,2023-01-29,designer lighting,"Istanbul,Istanbul,Turkey"
1,Lives | High-End Lighting & Decor Experts in Dubai,,https://lightandlives.com/,https://www.lightandlives.com/,,https://www.google.com/aclk?sa=l&ai=DChcSEwi-m7XEne38AhVOyZQJHeGoBEgYABASGgJ5bQ&ae=2&sig=AOD64_36u4qmz8ea-2FO_Oz8hOrgE4cPTw&q&adurl,Discover Iconic Modern Decor & Lighting created by Award-Winning Designers. Shop now!,Shop Now,Success Stories,Premium Designer Brands,In the Press,https://lightandlives.com/shop/,https://lightandlives.com/projects/,https://lightandlives.com/brands/,https://lightandlives.com/in-the-press/,2023-01-29,designer lighting,"Dubai,Dubai,United Arab Emirates"
2,Large Murano glass chandeliers - Important famous chandelier,,https://www.vetreriaartisticarosa.it/en/,https://www.vetreriaartisticarosa.it/classic/chandeliers,,https://www.google.com/aclk?sa=l&ai=DChcSEwi-m7XEne38AhVOyZQJHeGoBEgYABARGgJ5bQ&ae=2&sig=AOD64_13PYKAZuJ23ZMC6NHPbF819nbZPQ&q&adurl,The glass masters of the Rosa family produce the chandeliers by hand as they once did. We...,,,,,,,,,2023-01-29,designer lighting,"Dubai,Dubai,United Arab Emirates"
3,Modern Designer Lighting and Lamps Online | LampTwist,,https://lamptwist.com/,https://www.lamptwist.com/,,https://www.google.com/aclk?sa=l&ai=DChcSEwi-m7XEne38AhVOyZQJHeGoBEgYABATGgJ5bQ&ae=2&sig=AOD64_0gHsTnXuOPTQmKfzMavFlRENqrfg&q&adurl,We offer different brands that would perfectly suit your taste. Get your own Designer...,,,,,,,,,2023-01-29,designer lighting,"Dubai,Dubai,United Arab Emirates"
1,Shop | AMP Lighting,,https://www.amplighting.com/shop,https://www.amplighting.com/,,https://www.google.com/aclk?sa=l&ai=DChcSEwiI3tbFne38AhVxLa0GHWTuBfUYABACGgJwdg&ae=2&sig=AOD64_0ZjvJIDfyoEoqJAL4i2siOEOWf1g&q&adurl,"Durable Construction, Robust Circuitry, And Protection From The Elements. Enjoy...",Clearance/Overstock Deals,Find an AMP® Pro,,,https://www.amplighting.com/shop/clearance,https://www.amplighting.com/learn/find-an-amp-pro,,,2023-01-29,designer lighting,"New York,New York,United States"
2,High End Designer Lighting - Italian Designer Lighting,,https://www.nellavetrina.com/,https://www.nellavetrina.com/,,https://www.google.com/aclk?sa=l&ai=DChcSEwiI3tbFne38AhVxLa0GHWTuBfUYABAYGgJwdg&ae=2&sig=AOD64_0iBR3kVS638PVu_k08ftX5eHDcSQ&q=&ved=2ahUKEwjy6czFne38AhXHGEQIHTqiA8sQh78CegQIBhAB&adurl=,"Traditional Italian lighting, stunning chandeliers straight from Venetian Murano...",,,,,,,,,2023-01-29,designer lighting,"New York,New York,United States"
3,"Find Designer Lighting - Better Lighting, Better Living",,https://www.lumens.com/lighting.html,https://www.lumens.com/,,https://www.google.com/aclk?sa=l&ai=DChcSEwiI3tbFne38AhVxLa0GHWTuBfUYABAEGgJwdg&ae=2&sig=AOD64_0cgJBzcthB5veSKsw8j2LkynuxXQ&q&adurl,"More than 30,000 Designs from 350+ Global Brands - Exclusives Available Only at Lumens",,,,,,,,,2023-01-29,designer lighting,"New York,New York,United States"
4,Luxury Italian Lighting with Exquisite Designs | Artemest,,https://artemest.com/categories/lighting,https://www.artemest.com/,,https://www.google.com/aclk?sa=l&ai=DChcSEwiI3tbFne38AhVxLa0GHWTuBfUYABAAGgJwdg&ae=2&sig=AOD64_3IH3rI7YS2aq4jm2bp6fOAXnFg_g&q&adurl,Worldwide shipping with impeccable service. Explore a range of Italian lighting that are...,,,,,,,,,2023-01-29,designer lighting,"New York,New York,United States"
5,About Us – Foundry Lighting,,https://www.foundrylighting.com/pages/about-us,https://www.foundrylighting.com/,,https://www.google.com/aclk?sa=l&ai=DChcSEwiI3tbFne38AhVxLa0GHWTuBfUYABABGgJwdg&ae=2&sig=AOD64_3uKTGgMj-hNcB7C-88cKLHKkLFUw&q&adurl,"Shop Designer, Modern, Luxury Lighting Only From Foundry Lighting. Free S/H & No Restock Fee On All Orders. Zero Hassle Returns. Shop Online! No Restock Fee. Trade Discount Pricing. Free Shipping. ‎Wall Sconces · ‎Ceiling Lights · ‎Contact Us · ‎About Us · ‎Table Lamps · ‎Modern Lighting",Wall Sconces,Ceiling Lights,Contact Us,About Us,https://www.foundrylighting.com/collections/wall-sconces,https://www.foundrylighting.com/collections/ceiling-lights/type_chandelier,https://www.foundrylighting.com/pages/contact,https://www.foundrylighting.com/pages/about-us,2023-01-29,designer lighting,"New York,New York,United States"
1,Lampemesteren.com - Exclusive designer lamps,,https://www.lampemesteren.com/chandeliers/,https://www.lampemesteren.com/,,https://www.google.com/aclk?sa=l&ai=DChcSEwjjpOncn-38AhWGuMgKHTXqAH8YABACGgJxdQ&ae=2&sig=AOD64_2mDbz_bP4hKxIm2GaR9L1J9JrDJg&q&adurl,All famous designer lamps. Always cheapest: 100% price-match guarantee on everything.,Chandeliers,Pendants,Ceiling Lamps,Floor Lamps,https://www.lampemesteren.com/chandeliers/,https://www.lampemesteren.com/pendants/,https://www.lampemesteren.com/ceiling-lamps/,https://www.lampemesteren.com/floor-lamps/,2023-01-29,designer chandeliers,"Istanbul,Istanbul,Turkey"
2,AA Czech Glass.com - Bohemia Crystal ® Lights,,https://www.aaczechglass.com/,https://www.aaczechglass.com/,,https://www.google.com/aclk?sa=l&ai=DChcSEwjjpOncn-38AhWGuMgKHTXqAH8YABABGgJxdQ&ae=2&sig=AOD64_3A3ecUVf3WlxveJDTZCnY0bOBQfg&q&adurl,Directly from producer. The world's best quality. The best Bohemian crystal chandeliers. We...,,,,,,,,,2023-01-29,designer chandeliers,"Istanbul,Istanbul,Turkey"
3,"Interior Lighting | Shop Pendant Lights, Chandeliers & More",,https://www.avenila.com/collections/lighting,https://www.avenila.com/,,https://www.google.com/aclk?sa=l&ai=DChcSEwjjpOncn-38AhWGuMgKHTXqAH8YABAEGgJxdQ&ae=2&sig=AOD64_2gf937QzofOrcbjOZ90FidAMtACQ&q&adurl,"Modern and sleek designs at wholesale prices. Shop chandeliers, outdoor lights and more...",,,,,,,,,2023-01-29,designer chandeliers,"Istanbul,Istanbul,Turkey"
4,3-Light Chandeliers | Barn Light Electric,,https://www.barnlight.com/lighting-old/barn-lights/chandeliers/3-light-chandeliers/,https://www.barnlight.com/,,https://www.google.com/aclk?sa=l&ai=DChcSEwjjpOncn-38AhWGuMgKHTXqAH8YABAFGgJxdQ&ae=2&sig=AOD64_19odO4BsHBIy5l9QkZYandjc2TRw&q&adurl,"America's Leading Manufacturer of Vintage-inspired Lighting. Barn Light Electric | An American lighting manufacturer. Styles: Barn Lights, Gooseneck Lighting, Schoolhouse Lights, 1900 Era Lights, Garage & Sign Lighting. ‎Outdoor & Exterior Lights · ‎Chandeliers · ‎Antique Lighting · ‎Ceiling Pendants · ‎Wall Sconces",Outdoor & Exterior Lights,Chandeliers,Antique Lighting,Ceiling Pendants,https://www.barnlight.com/lighting/outdoor-lights/,https://www.barnlight.com/lighting/ceiling-lights/chandeliers/,https://www.barnlight.com/lighting-old/barn-lights/antique/,https://www.barnlight.com/lighting/ceiling-lights/,2023-01-29,designer chandeliers,"Istanbul,Istanbul,Turkey"
5,Chandeliers – Page 2 – True Treasures Inc,,https://shop.truetreasuresinc.com/collections/chandelier?page=2,https://shop.truetreasuresinc.com/,,https://www.google.com/aclk?sa=l&ai=DChcSEwjjpOncn-38AhWGuMgKHTXqAH8YABAAGgJxdQ&ae=2&sig=AOD64_3AsHyg-d9Jiaqbr6j1zPKvtyQr-Q&q&adurl,"Authentic modern designer furniture, lighting & accessories 70% off retail. Find Your Own True Treasure at One of Our Locations. We Deliver. Luxury Brands. Palm Beach Estate. Best Of Palm Beach. Sell Fast. Consign Now. ‎About Us · ‎Consignment FAQ's True · ‎Contact Us Now · ‎Location · ‎Shop True Treasures Inc",About Us,Consignment FAQ's True,Contact Us Now,Location,https://truetreasuresinc.com/about-us/,https://truetreasuresinc.com/consignment-faqs/,https://truetreasuresinc.com/contact-us/,https://truetreasuresinc.com/locations/,2023-01-29,designer chandeliers,"Istanbul,Istanbul,Turkey"
6,Tommasi Glass Lighting online - Shop Glass Chandeliers,,https://www.tommasi.it/en/negozio/chandeliers/murano-glass-chandelier-5-lights-5/,https://www.tommasi.it/,,https://www.google.com/aclk?sa=l&ai=DChcSEwjjpOncn-38AhWGuMgKHTXqAH8YABADGgJxdQ&ae=2&sig=AOD64_2QVUHE_6U1C4yMngO0RoUW_k0rXg&q&adurl,2020 Catalogs Murano Glass Chandeliers Direct from Venice.Public and wholesale sales. 24kt gold leaf.Colored style and replacements.Original Murano Glass Chandeliers with price. Competitive prices. Wholesale supply. Insured ship. Original Products. ‎Factory/Shop website · ‎Glass Jewelry and Beads · ‎Where we are · ‎Become a dealer,Factory/Shop website,Glass Jewelry and Beads,Where we are,Become a dealer,https://www.tommasi.it/en/product-category/jewelry/,https://www.tommasi.it/i-nostri-prodotti/,https://www.tommasi.it/contatti/,https://www.tommasi.it/en/become-a-dealer/,2023-01-29,designer chandeliers,"Istanbul,Istanbul,Turkey"
1,Luxury Lighting,,https://www.avenila.com/collections/luxury-items/over-1500,https://www.avenila.com/,,https://www.google.com/aclk?sa=l&ai=DChcSEwiGuPCUoe38AhUZjsgKHe_OAOYYABACGgJxdQ&ae=2&sig=AOD64_1bv-WOZQCvjWFNmZuW_5ouLI_r3g&q&adurl,"Modern and sleek designs at wholesale prices. Shop chandeliers, outdoor lights and more during our black friday week sale.",,,,,,,,,2023-01-29,lighting luxury,"Istanbul,Istanbul,Turkey"
2,Luxury Lighting | Classical Contemporary Designs,,https://www.decolight.co.uk/,https://www.decolight.co.uk/,,https://www.google.com/aclk?sa=l&ai=DChcSEwiGuPCUoe38AhUZjsgKHe_OAOYYABAAGgJxdQ&ae=2&sig=AOD64_2JJeDD3DT-uBNwKbhHS3EqfafAAA&q&adurl,Heathfield & Co Lighting. Mitzy Lighting Collection. Visual Comfort Europe. Designer Luxury Lighting For The Interior Design And Retail Market.,,,,,,,,,2023-01-29,lighting luxury,"Istanbul,Istanbul,Turkey"
3,Luxury & High End Chandeliers - Manufacturer WRANOVSKY,,https://wranovsky.com/,https://www.wranovsky.com/,,https://www.google.com/aclk?sa=l&ai=DChcSEwiGuPCUoe38AhUZjsgKHe_OAOYYABABGgJxdQ&ae=2&sig=AOD64_1MOkUE_8LSX7_m8rBFHsPjEocU9g&q&adurl,"We're experts in luxury chandeliers, manufacturing for the world for more than 25 years. Discover a selection of luxurious chandeliers from the Czech manufacturer WRANOVSKY. Manufacturer Prices. Worldwide Shipping. Styles: Crystal Chandeliers, Brass Chandeliers. ‎All Crystal Chandeliers · ‎Commercial Projects · ‎Residential Projects · ‎Komerční projekty",All Crystal Chandeliers,Commercial Projects,Residential Projects,Komerční projekty,https://wranovsky.com/products,https://wranovsky.com/projects/commercial-hospitality-projects,https://wranovsky.com/projects/residential-projects,https://cs.wranovsky.com/projects/commercial-hospitality-projects,2023-01-29,lighting luxury,"Istanbul,Istanbul,Turkey"
1,Important famous chandelier - Cà Rezzonico Chandelier,,https://www.vetreriaartisticarosa.it/en/,https://www.vetreriaartisticarosa.it/classic/chandeliers,,https://www.google.com/aclk?sa=l&ai=DChcSEwir1YSWoe38AhUUicgKHRjMAG4YABAYGgJxdQ&ae=2&sig=AOD64_3ffoQl7I0G252MT6cbs-P8QFbknw&q=&ved=2ahUKEwiPmv6Voe38AhVIElkFHUhNCRgQh78CegQICRAB&adurl=,The glass masters of the Rosa family produce the chandeliers by hand as they once did. We are a Venetian artistic furnace that produces famous blown glass...,Luxury glass chandeliers,Modern glass chandeliers,,,https://www.vetreriaartisticarosa.it/categories-en/en/luxury-artistic-chandeliers/luxury-artistic-chandeliers,https://www.vetreriaartisticarosa.com/english/modern-murano-chandeliers/,,,2023-01-29,lighting luxury,"Dubai,Dubai,United Arab Emirates"
2,IDesign interiors - Interior Design Company Dubai,,https://www.idesignuae.com/,https://www.idesignuae.com/,,https://www.google.com/aclk?sa=l&ai=DChcSEwir1YSWoe38AhUUicgKHRjMAG4YABARGgJxdQ&ae=2&sig=AOD64_07ben1iE-y-KFbE6BAX7BtcWeQlQ&q&adurl,Get in touch today to discuss your ideas with our highly qualified interior designers. On-time...,,,,,,,,,2023-01-29,lighting luxury,"Dubai,Dubai,United Arab Emirates"
3,Lives | High-End Lighting & Decor Experts in Dubai,,https://lightandlives.com/,https://www.lightandlives.com/,,https://www.google.com/aclk?sa=l&ai=DChcSEwir1YSWoe38AhUUicgKHRjMAG4YABASGgJxdQ&ae=2&sig=AOD64_1AE7cSpZnlXWSwc_x3-6TiRfVPiw&q&adurl,Discover Iconic Modern Decor & Lighting created by Award-Winning Designers. Shop now!,,,,,,,,,2023-01-29,lighting luxury,"Dubai,Dubai,United Arab Emirates"
4,Sunwe Luxury Living - Luxury furniture Manufacturer.,,http://www.sunweluxuryliving.com/products.php?id=288,http://www.sunweluxuryliving.com/,,https://www.google.com/aclk?sa=l&ai=DChcSEwir1YSWoe38AhUUicgKHRjMAG4YABAUGgJxdQ&ae=2&sig=AOD64_2jMZZ2w1GJvE1I-ph9NQtB6GI5rA&q&adurl,"Each Luxury Villa, flats can highly customized to the owners taste and practical usage.",,,,,,,,,2023-01-29,lighting luxury,"Dubai,Dubai,United Arab Emirates"
1,led lighting price - lamp shade,,https://www.saspeciale.com/,https://www.saspeciale.com/,,https://www.google.com/aclk?sa=l&ai=DChcSEwiczNanou38AhWVSXIKHerNALoYABACGgJxdQ&ae=2&sig=AOD64_3qJw5nkFGUuWozOFwdKkBqaXmC8w&q&adurl,"Adds the aesthetics of the place with wonderful and distinctive lights, Modern and simple designs in your home. Low price guarantee. 24 7 customer service. Easy returns. Price matching. العروض: ساعة رملية مع اضاءة, لا تأخذ مساحة, منظر جميل و رائع. ‎LED Floor lamp · ‎Moon Lamp Galaxy",LED Floor lamp,Moon Lamp Galaxy,,,https://www.saspeciale.com/products/rgb-led-floor-lamp-bedroom-bedside-decoration-wall-corner-floor-light-living-room-art-decor-remote-indoor-party-stand-lighting-1,https://www.saspeciale.com/,,,2023-01-29,expensive lighting,"Istanbul,Istanbul,Turkey"
2,revolutionary color matching - Luminaire lighting company,,https://www.just-normlicht.com/proofstation,https://www.just-normlicht.com/proofstation,,https://www.google.com/aclk?sa=l&ai=DChcSEwiczNanou38AhWVSXIKHerNALoYABAJGgJxdQ&ae=2&sig=AOD64_20hvVdXYMG3-4PcgJLQAMVgDHYuw&q=&ved=2ahUKEwiR-M2nou38AhUyFlkFHXz6CS0Qh78CegQICBAB&adurl=,LED proofStation Awards. More than Just Dimming. Soft Proofing with LEDs. New LED proofing station with standardized led light D50 and D65. Geringer Metamerie-Index. Tageslicht. Hohe Farbwiedergabe. Farbtemperatur 5000 K.... ‎Contact Us · ‎See the product range. · ‎Information & Services · ‎Colour Viewing Devices,Contact Us,See the product range.,Information & Services,Colour Viewing Devices,https://www.just-normlicht.com/en/team.html,https://www.just-normlicht.com/en/productprogram.html,https://www.just-normlicht.com/en/information-services.html,https://www.just-normlicht.com/en/color-proofing-d50-graphic-arts.html,2023-01-29,expensive lighting,"Istanbul,Istanbul,Turkey"
3,"Avenila - Interior Lighting, Design & More - Luxury Lighting",,https://www.avenila.com/collections/luxury-items/600-900,https://www.avenila.com/,,https://www.google.com/aclk?sa=l&ai=DChcSEwiczNanou38AhWVSXIKHerNALoYABABGgJxdQ&ae=2&sig=AOD64_367Ib5nP3M0pdanStltnysvXlk2w&q&adurl,"Shop chandeliers, outdoor lights and more during our black friday week sale. Modern and sleek designs at wholesale prices.",,,,,,,,,2023-01-29,expensive lighting,"Istanbul,Istanbul,Turkey"
1,Venetian pendant lights - Large Murano glass chandeliers,,https://www.vetreriaartisticarosa.it/en/,https://www.vetreriaartisticarosa.it/classic/chandeliers,,https://www.google.com/aclk?sa=l&ai=DChcSEwjxkL-oou38AhUS4MgKHUMTB3IYABARGgJxdQ&ae=2&sig=AOD64_0im4QUBtQXO97LwkGAbW5yTFcNDw&q&adurl,The glass masters of the Rosa family produce the chandeliers by hand as they once did,Luxury glass chandeliers,Modern glass chandeliers,Lampadari luxury,Classic glass chandeliers,https://www.vetreriaartisticarosa.it/categories-en/en/luxury-artistic-chandeliers/luxury-artistic-chandeliers,https://www.vetreriaartisticarosa.com/english/modern-murano-chandeliers/,https://www.vetreriaartisticarosa.it/cat/lampadari-artistici-luxury/lampadari-artistici-luxury,https://www.vetreriaartisticarosa.it/categories-en/en/luxury-chandeliers/classic-luxury-chandeliers,2023-01-29,expensive lighting,"Dubai,Dubai,United Arab Emirates"
2,Lives | High-End Lighting & Decor Experts in Dubai,,https://lightandlives.com/,https://www.lightandlives.com/,,https://www.google.com/aclk?sa=l&ai=DChcSEwjxkL-oou38AhUS4MgKHUMTB3IYABATGgJxdQ&ae=2&sig=AOD64_0nX2HXZ5oVLUSBWbr94X-EQF2pYw&q&adurl,Discover Iconic Modern Decor & Lighting created by Award-Winning Designers. Shop now!,,,,,,,,,2023-01-29,expensive lighting,"Dubai,Dubai,United Arab Emirates"
3,Jean Perzel : Luxury Lights - French Art Lighting,,https://www.perzel.fr/en/,http://www.perzel.fr/en/art-lights,,https://www.google.com/aclk?sa=l&ai=DChcSEwjxkL-oou38AhUS4MgKHUMTB3IYABASGgJxdQ&ae=2&sig=AOD64_3hrOWuFgGsW84sFZrQlVy14TXHUg&q&adurl,"Art lightings designer since 1923. Lamps, floor lamps, ceiling lights, sconces. Since 1923.",,,,,,,,,2023-01-29,expensive lighting,"Dubai,Dubai,United Arab Emirates"
1,Luxury Lighting,,https://www.avenila.com/collections/luxury-items/modern-lighting,https://www.avenila.com/,,https://www.google.com/aclk?sa=l&ai=DChcSEwjwnMb5pO38AhXqFdQBHS1SAugYABACGgJvYQ&ae=2&sig=AOD64_2_nlRRr8rkEz0TE_TsqCz82Vciag&q&adurl,"Modern and sleek designs at wholesale prices. Shop chandeliers, outdoor lights and more during our black friday week sale.",,,,,,,,,2023-01-29,lighting luxury,"Istanbul,Istanbul,Turkey"
2,Luxury Lighting | Classical Contemporary Designs,,https://www.decolight.co.uk/,https://www.decolight.co.uk/,,https://www.google.com/aclk?sa=l&ai=DChcSEwjwnMb5pO38AhXqFdQBHS1SAugYABABGgJvYQ&ae=2&sig=AOD64_3eDWbAAx0ng83o3UPLXS4NRHaZ1w&q&adurl,Leading American Decorative Lighting Collection Now Available To Order. Designer Luxury Lighting For The Interior Design And Retail Market.,,,,,,,,,2023-01-29,lighting luxury,"Istanbul,Istanbul,Turkey"
3,floor lamp - اضواء,,https://www.saspeciale.com/,https://www.saspeciale.com/,,https://www.google.com/aclk?sa=l&ai=DChcSEwjwnMb5pO38AhXqFdQBHS1SAugYABADGgJvYQ&ae=2&sig=AOD64_0PrjbHlwjQ36N4NuMvxQFcEaaKKA&q&adurl,"Adds the aesthetics of the place with wonderful and distinctive lights, Modern and simple designs in your home. Easy returns. 24 7 customer service. Low price guarantee. Price matching. العروض: ساعة رملية مع اضاءة, لا تأخذ مساحة, منظر جميل و رائع. ‎LED Floor lamp · ‎Moon Lamp Galaxy",LED Floor lamp,Moon Lamp Galaxy,,,https://www.saspeciale.com/products/rgb-led-floor-lamp-bedroom-bedside-decoration-wall-corner-floor-light-living-room-art-decor-remote-indoor-party-stand-lighting-1,https://www.saspeciale.com/,,,2023-01-29,lighting luxury,"Istanbul,Istanbul,Turkey"
4,OIALIGHT - Bodrum Rattan,,https://www.oialight.com/,https://www.oialight.com/,,https://www.google.com/aclk?sa=l&ai=DChcSEwjwnMb5pO38AhXqFdQBHS1SAugYABAAGgJvYQ&ae=2&sig=AOD64_3jTWTfqbagYS5oMTjIJG4XdOyqUQ&q&adurl,"El örmesi olup %100 bambu, rattan ve deniz sazı materyallerde avize modelleri. Birbirinden farklı modelleriyle satışta. Rattan. ve seçili ürünlerde. Deniz Sazı. ücretsiz kargo! İndirimleri Kaçırma. Bambu. Kaçırılmayacak Fırsatlar. Aynı gün kargo. Oialight Avize Modelleri.",,,,,,,,,2023-01-29,lighting luxury,"Istanbul,Istanbul,Turkey"
1,Italian Luxury Lighting - One of a Kind Designs,,https://nellavetrina.com/,https://www.nellavetrina.com/,https://nellavetrina.com/product-category/lighting,https://www.google.com/aclk?sa=l&ai=DChcSEwixvr_Wqe38AhWIEkwKHYr8AU8YABBAGgJvYQ&sig=AOD64_2dMGg_351zYCQv1lDSQ6Wcsmo6VQ&q&adurl,Explore Our Luxury Selection Of Handcrafted Italian Designs Made To Measure In Italy. Our Collections Are Created by World-Renowned Italian Designers & Local Craftsmen. ,,,,,,,,,2023-01-29,lighting luxury,
